"","study.accession","experiment.accession","ArrayExpress.CellType","ArrayExpress.Species","ENA.FIRST.PUBLIC","ENA.LAST.UPDATE"
"1","ERP012527","ERX1346648","BPH1","Homo Sapien","2016-02-17","2018-03-09"
"2","ERP012527","ERX1346689","RWPE1","Homo Sapien","2016-02-17","2018-03-09"
"3","ERP012527","ERX1346606","BPH1","Homo Sapien","2016-02-17","2018-03-09"
"4","ERP012527","ERX1346930","RWPE1","Homo Sapien","2016-02-17","2018-03-09"
"5","ERP012527","ERX1346614","BPH1","Homo Sapien","2016-02-17","2018-03-09"
"6","ERP012527","ERX1346977","RWPE1","Homo Sapien","2016-02-17","2018-03-09"
"7","ERP012527","ERX1346955","BPH1","Homo Sapien","2016-02-17","2018-03-09"
"8","ERP012527","ERX1346893","BPH1","Homo Sapien","2016-02-17","2018-03-09"
"9","ERP012527","ERX1346830","RWPE1","Homo Sapien","2016-02-17","2018-03-09"
"10","ERP012527","ERX1346601","BPH1","Homo Sapien","2016-02-17","2018-03-09"
"11","ERP012527","ERX1346763","BPH1","Homo Sapien","2016-02-17","2018-03-09"
"12","ERP012527","ERX1346735","RWPE1","Homo Sapien","2016-02-17","2018-03-09"
"13","ERP012527","ERX1346928","RWPE1","Homo Sapien","2016-02-17","2018-03-09"
"14","ERP012527","ERX1346641","RWPE1","Homo Sapien","2016-02-17","2018-03-09"
"15","ERP012527","ERX1346744","BPH1","Homo Sapien","2016-02-17","2018-03-09"
"16","ERP012527","ERX1346667","BPH1","Homo Sapien","2016-02-17","2018-03-09"
"17","ERP012527","ERX1346868","RWPE1","Homo Sapien","2016-02-17","2018-03-09"
"18","ERP012527","ERX1346875","RWPE1","Homo Sapien","2016-02-17","2018-03-09"
"19","ERP012527","ERX1346832","RWPE1","Homo Sapien","2016-02-17","2018-03-09"
"20","ERP012527","ERX1346628","RWPE1","Homo Sapien","2016-02-17","2018-03-09"
"21","ERP012527","ERX1346980","RWPE1","Homo Sapien","2016-02-17","2018-03-09"
"22","ERP012527","ERX1346891","BPH1","Homo Sapien","2016-02-17","2018-03-09"
"23","ERP012527","ERX1346822","RWPE1","Homo Sapien","2016-02-17","2018-03-09"
"24","ERP012527","ERX1346965","RWPE1","Homo Sapien","2016-02-17","2018-03-09"
"25","ERP012527","ERX1346807","BPH1","Homo Sapien","2016-02-17","2018-03-09"
"26","ERP012527","ERX1346957","RWPE1","Homo Sapien","2016-02-17","2018-03-09"
"27","ERP012527","ERX1346609","BPH1","Homo Sapien","2016-02-17","2018-03-09"
"28","ERP012527","ERX1346730","RWPE1","Homo Sapien","2016-02-17","2018-03-09"
"29","ERP012527","ERX1346621","RWPE1","Homo Sapien","2016-02-17","2018-03-09"
"30","ERP012527","ERX1346967","RWPE1","Homo Sapien","2016-02-17","2018-03-09"
"31","ERP012527","ERX1346857","BPH1","Homo Sapien","2016-02-17","2018-03-09"
"32","ERP012527","ERX1346856","BPH1","Homo Sapien","2016-02-17","2018-03-09"
"33","ERP012527","ERX1346962","RWPE1","Homo Sapien","2016-02-17","2018-03-09"
"34","ERP012527","ERX1346903","BPH1","Homo Sapien","2016-02-17","2018-03-09"
"35","ERP012527","ERX1346761","BPH1","Homo Sapien","2016-02-17","2018-03-09"
"36","ERP012527","ERX1346694","BPH1","Homo Sapien","2016-02-17","2018-03-09"
"37","ERP012527","ERX1346847","BPH1","Homo Sapien","2016-02-17","2018-03-09"
"38","ERP012527","ERX1346958","RWPE1","Homo Sapien","2016-02-17","2018-03-09"
"39","ERP012527","ERX1346947","BPH1","Homo Sapien","2016-02-17","2018-03-09"
"40","ERP012527","ERX1346894","BPH1","Homo Sapien","2016-02-17","2018-03-09"
"41","ERP012527","ERX1346937","BPH1","Homo Sapien","2016-02-17","2018-03-09"
"42","ERP012527","ERX1346905","BPH1","Homo Sapien","2016-02-17","2018-03-09"
"43","ERP012527","ERX1346785","RWPE1","Homo Sapien","2016-02-17","2018-03-09"
"44","ERP012527","ERX1346765","RWPE1","Homo Sapien","2016-02-17","2018-03-09"
"45","ERP012527","ERX1346925","RWPE1","Homo Sapien","2016-02-17","2018-03-09"
"46","ERP012527","ERX1346813","RWPE1","Homo Sapien","2016-02-17","2018-03-09"
"47","ERP012527","ERX1346814","RWPE1","Homo Sapien","2016-02-17","2018-03-09"
"48","ERP012527","ERX1346827","RWPE1","Homo Sapien","2016-02-17","2018-03-09"
"49","ERP012527","ERX1346721","RWPE1","Homo Sapien","2016-02-17","2018-03-09"
"50","ERP012527","ERX1346630","RWPE1","Homo Sapien","2016-02-17","2018-03-09"
"51","ERP012527","ERX1346682","RWPE1","Homo Sapien","2016-02-17","2018-03-09"
"52","ERP012527","ERX1346883","RWPE1","Homo Sapien","2016-02-17","2018-03-09"
"53","ERP012527","ERX1346831","RWPE1","Homo Sapien","2016-02-17","2018-03-09"
"54","ERP012527","ERX1346797","BPH1","Homo Sapien","2016-02-17","2018-03-09"
"55","ERP012527","ERX1346865","RWPE1","Homo Sapien","2016-02-17","2018-03-09"
"56","ERP012527","ERX1346951","BPH1","Homo Sapien","2016-02-17","2018-03-09"
"57","ERP012527","ERX1346867","RWPE1","Homo Sapien","2016-02-17","2018-03-09"
"58","ERP012527","ERX1346789","BPH1","Homo Sapien","2016-02-17","2018-03-09"
"59","ERP012527","ERX1346792","BPH1","Homo Sapien","2016-02-17","2018-03-09"
"60","ERP012527","ERX1346877","RWPE1","Homo Sapien","2016-02-17","2018-03-09"
"61","ERP012527","ERX1346705","BPH1","Homo Sapien","2016-02-17","2018-03-09"
"62","ERP012527","ERX1346805","BPH1","Homo Sapien","2016-02-17","2018-03-09"
"63","ERP012527","ERX1346964","RWPE1","Homo Sapien","2016-02-17","2018-03-09"
"64","ERP012527","ERX1346661","BPH1","Homo Sapien","2016-02-17","2018-03-09"
"65","ERP012527","ERX1346665","BPH1","Homo Sapien","2016-02-17","2018-03-09"
"66","ERP012527","ERX1346836","RWPE1","Homo Sapien","2016-02-17","2018-03-09"
"67","ERP012527","ERX1346820","RWPE1","Homo Sapien","2016-02-17","2018-03-09"
"68","ERP012527","ERX1346677","RWPE1","Homo Sapien","2016-02-17","2018-03-09"
"69","ERP012527","ERX1346671","RWPE1","Homo Sapien","2016-02-17","2018-03-09"
"70","ERP012527","ERX1346748","BPH1","Homo Sapien","2016-02-17","2018-03-09"
"71","ERP012527","ERX1346912","RWPE1","Homo Sapien","2016-02-17","2018-03-09"
"72","ERP012527","ERX1346673","RWPE1","Homo Sapien","2016-02-17","2018-03-09"
"73","ERP012527","ERX1346852","BPH1","Homo Sapien","2016-02-17","2018-03-09"
"74","ERP012527","ERX1346898","BPH1","Homo Sapien","2016-02-17","2018-03-09"
"75","ERP012527","ERX1346806","BPH1","Homo Sapien","2016-02-17","2018-03-09"
"76","ERP012527","ERX1346834","RWPE1","Homo Sapien","2016-02-17","2018-03-09"
"77","ERP012527","ERX1346669","RWPE1","Homo Sapien","2016-02-17","2018-03-09"
"78","ERP012527","ERX1346750","BPH1","Homo Sapien","2016-02-17","2018-03-09"
"79","ERP012527","ERX1346635","RWPE1","Homo Sapien","2016-02-17","2018-03-09"
"80","ERP012527","ERX1346943","BPH1","Homo Sapien","2016-02-17","2018-03-09"
"81","ERP012527","ERX1346678","RWPE1","Homo Sapien","2016-02-17","2018-03-09"
"82","ERP012527","ERX1346605","BPH1","Homo Sapien","2016-02-17","2018-03-09"
"83","ERP012527","ERX1346644","RWPE1","Homo Sapien","2016-02-17","2018-03-09"
"84","ERP012527","ERX1346866","RWPE1","Homo Sapien","2016-02-17","2018-03-09"
"85","ERP012527","ERX1346848","BPH1","Homo Sapien","2016-02-17","2018-03-09"
"86","ERP012527","ERX1346752","BPH1","Homo Sapien","2016-02-17","2018-03-09"
"87","ERP012527","ERX1346642","RWPE1","Homo Sapien","2016-02-17","2018-03-09"
"88","ERP012527","ERX1346952","BPH1","Homo Sapien","2016-02-17","2018-03-09"
"89","ERP012527","ERX1346817","RWPE1","Homo Sapien","2016-02-17","2018-03-09"
"90","ERP012527","ERX1346746","BPH1","Homo Sapien","2016-02-17","2018-03-09"
"91","ERP012527","ERX1346718","RWPE1","Homo Sapien","2016-02-17","2018-03-09"
"92","ERP012527","ERX1346796","BPH1","Homo Sapien","2016-02-17","2018-03-09"
"93","ERP012527","ERX1346859","BPH1","Homo Sapien","2016-02-17","2018-03-09"
"94","ERP012527","ERX1346610","BPH1","Homo Sapien","2016-02-17","2018-03-09"
"95","ERP012527","ERX1346971","RWPE1","Homo Sapien","2016-02-17","2018-03-09"
"96","ERP012527","ERX1346608","BPH1","Homo Sapien","2016-02-17","2018-03-09"
"97","ERP012527","ERX1346598","BPH1","Homo Sapien","2016-02-17","2018-03-09"
"98","ERP012527","ERX1346731","RWPE1","Homo Sapien","2016-02-17","2018-03-09"
"99","ERP012527","ERX1346779","RWPE1","Homo Sapien","2016-02-17","2018-03-09"
"100","ERP012527","ERX1346861","RWPE1","Homo Sapien","2016-02-17","2018-03-09"
"101","ERP012527","ERX1346650","BPH1","Homo Sapien","2016-02-17","2018-03-09"
"102","ERP012527","ERX1346829","RWPE1","Homo Sapien","2016-02-17","2018-03-09"
"103","ERP012527","ERX1346703","BPH1","Homo Sapien","2016-02-17","2018-03-09"
"104","ERP012527","ERX1346766","RWPE1","Homo Sapien","2016-02-17","2018-03-09"
"105","ERP012527","ERX1346613","BPH1","Homo Sapien","2016-02-17","2018-03-09"
"106","ERP012527","ERX1346788","RWPE1","Homo Sapien","2016-02-17","2018-03-09"
"107","ERP012527","ERX1346786","RWPE1","Homo Sapien","2016-02-17","2018-03-09"
"108","ERP012527","ERX1346769","RWPE1","Homo Sapien","2016-02-17","2018-03-09"
"109","ERP012527","ERX1346740","RWPE1","Homo Sapien","2016-02-17","2018-03-09"
"110","ERP012527","ERX1346739","RWPE1","Homo Sapien","2016-02-17","2018-03-09"
"111","ERP012527","ERX1346885","BPH1","Homo Sapien","2016-02-17","2018-03-09"
"112","ERP012527","ERX1346961","RWPE1","Homo Sapien","2016-02-17","2018-03-09"
"113","ERP012527","ERX1346956","BPH1","Homo Sapien","2016-02-17","2018-03-09"
"114","ERP012527","ERX1346597","BPH1","Homo Sapien","2016-02-17","2018-03-09"
"115","ERP012527","ERX1346860","BPH1","Homo Sapien","2016-02-17","2018-03-09"
"116","ERP012527","ERX1346655","BPH1","Homo Sapien","2016-02-17","2018-03-09"
"117","ERP012527","ERX1346734","RWPE1","Homo Sapien","2016-02-17","2018-03-09"
"118","ERP012527","ERX1346896","BPH1","Homo Sapien","2016-02-17","2018-03-09"
"119","ERP012527","ERX1346680","RWPE1","Homo Sapien","2016-02-17","2018-03-09"
"120","ERP012527","ERX1346702","BPH1","Homo Sapien","2016-02-17","2018-03-09"
"121","ERP012527","ERX1346612","BPH1","Homo Sapien","2016-02-17","2018-03-09"
"122","ERP012527","ERX1346687","RWPE1","Homo Sapien","2016-02-17","2018-03-09"
"123","ERP012527","ERX1346887","BPH1","Homo Sapien","2016-02-17","2018-03-09"
"124","ERP012527","ERX1346944","BPH1","Homo Sapien","2016-02-17","2018-03-09"
"125","ERP012527","ERX1346845","BPH1","Homo Sapien","2016-02-17","2018-03-09"
"126","ERP012527","ERX1346639","RWPE1","Homo Sapien","2016-02-17","2018-03-09"
"127","ERP012527","ERX1346960","RWPE1","Homo Sapien","2016-02-17","2018-03-09"
"128","ERP012527","ERX1346657","BPH1","Homo Sapien","2016-02-17","2018-03-09"
"129","ERP012527","ERX1346728","RWPE1","Homo Sapien","2016-02-17","2018-03-09"
"130","ERP012527","ERX1346715","BPH1","Homo Sapien","2016-02-17","2018-03-09"
"131","ERP012527","ERX1346747","BPH1","Homo Sapien","2016-02-17","2018-03-09"
"132","ERP012527","ERX1346976","RWPE1","Homo Sapien","2016-02-17","2018-03-09"
"133","ERP012527","ERX1346798","BPH1","Homo Sapien","2016-02-17","2018-03-09"
"134","ERP012527","ERX1346818","RWPE1","Homo Sapien","2016-02-17","2018-03-09"
"135","ERP012527","ERX1346921","RWPE1","Homo Sapien","2016-02-17","2018-03-09"
"136","ERP012527","ERX1346646","BPH1","Homo Sapien","2016-02-17","2018-03-09"
"137","ERP012527","ERX1346704","BPH1","Homo Sapien","2016-02-17","2018-03-09"
"138","ERP012527","ERX1346886","BPH1","Homo Sapien","2016-02-17","2018-03-09"
"139","ERP012527","ERX1346723","RWPE1","Homo Sapien","2016-02-17","2018-03-09"
"140","ERP012527","ERX1346916","RWPE1","Homo Sapien","2016-02-17","2018-03-09"
"141","ERP012527","ERX1346627","RWPE1","Homo Sapien","2016-02-17","2018-03-09"
"142","ERP012527","ERX1346624","RWPE1","Homo Sapien","2016-02-17","2018-03-09"
"143","ERP012527","ERX1346626","RWPE1","Homo Sapien","2016-02-17","2018-03-09"
"144","ERP012527","ERX1346929","RWPE1","Homo Sapien","2016-02-17","2018-03-09"
"145","ERP012527","ERX1346794","BPH1","Homo Sapien","2016-02-17","2018-03-09"
"146","ERP012527","ERX1346906","BPH1","Homo Sapien","2016-02-17","2018-03-09"
"147","ERP012527","ERX1346803","BPH1","Homo Sapien","2016-02-17","2018-03-09"
"148","ERP012527","ERX1346858","BPH1","Homo Sapien","2016-02-17","2018-03-09"
"149","ERP012527","ERX1346599","BPH1","Homo Sapien","2016-02-17","2018-03-09"
"150","ERP012527","ERX1346767","RWPE1","Homo Sapien","2016-02-17","2018-03-09"
"151","ERP012527","ERX1346876","RWPE1","Homo Sapien","2016-02-17","2018-03-09"
"152","ERP012527","ERX1346691","RWPE1","Homo Sapien","2016-02-17","2018-03-09"
"153","ERP012527","ERX1346733","RWPE1","Homo Sapien","2016-02-17","2018-03-09"
"154","ERP012527","ERX1346808","BPH1","Homo Sapien","2016-02-17","2018-03-09"
"155","ERP012527","ERX1346970","RWPE1","Homo Sapien","2016-02-17","2018-03-09"
"156","ERP012527","ERX1346762","BPH1","Homo Sapien","2016-02-17","2018-03-09"
"157","ERP012527","ERX1346618","BPH1","Homo Sapien","2016-02-17","2018-03-09"
"158","ERP012527","ERX1346924","RWPE1","Homo Sapien","2016-02-17","2018-03-09"
"159","ERP012527","ERX1346652","BPH1","Homo Sapien","2016-02-17","2018-03-09"
"160","ERP012527","ERX1346699","BPH1","Homo Sapien","2016-02-17","2018-03-09"
"161","ERP012527","ERX1346900","BPH1","Homo Sapien","2016-02-17","2018-03-09"
"162","ERP012527","ERX1346638","RWPE1","Homo Sapien","2016-02-17","2018-03-09"
"163","ERP012527","ERX1346647","BPH1","Homo Sapien","2016-02-17","2018-03-09"
"164","ERP012527","ERX1346653","BPH1","Homo Sapien","2016-02-17","2018-03-09"
"165","ERP012527","ERX1346954","BPH1","Homo Sapien","2016-02-17","2018-03-09"
"166","ERP012527","ERX1346863","RWPE1","Homo Sapien","2016-02-17","2018-03-09"
"167","ERP012527","ERX1346629","RWPE1","Homo Sapien","2016-02-17","2018-03-09"
"168","ERP012527","ERX1346809","BPH1","Homo Sapien","2016-02-17","2018-03-09"
"169","ERP012527","ERX1346693","BPH1","Homo Sapien","2016-02-17","2018-03-09"
"170","ERP012527","ERX1346732","RWPE1","Homo Sapien","2016-02-17","2018-03-09"
"171","ERP012527","ERX1346775","RWPE1","Homo Sapien","2016-02-17","2018-03-09"
"172","ERP012527","ERX1346662","BPH1","Homo Sapien","2016-02-17","2018-03-09"
"173","ERP012527","ERX1346707","BPH1","Homo Sapien","2016-02-17","2018-03-09"
"174","ERP012527","ERX1346756","BPH1","Homo Sapien","2016-02-17","2018-03-09"
"175","ERP012527","ERX1346851","BPH1","Homo Sapien","2016-02-17","2018-03-09"
"176","ERP012527","ERX1346611","BPH1","Homo Sapien","2016-02-17","2018-03-09"
"177","ERP012527","ERX1346884","RWPE1","Homo Sapien","2016-02-17","2018-03-09"
"178","ERP012527","ERX1346917","RWPE1","Homo Sapien","2016-02-17","2018-03-09"
"179","ERP012527","ERX1346654","BPH1","Homo Sapien","2016-02-17","2018-03-09"
"180","ERP012527","ERX1346710","BPH1","Homo Sapien","2016-02-17","2018-03-09"
"181","ERP012527","ERX1346913","RWPE1","Homo Sapien","2016-02-17","2018-03-09"
"182","ERP012527","ERX1346901","BPH1","Homo Sapien","2016-02-17","2018-03-09"
"183","ERP012527","ERX1346890","BPH1","Homo Sapien","2016-02-17","2018-03-09"
"184","ERP012527","ERX1346793","BPH1","Homo Sapien","2016-02-17","2018-03-09"
"185","ERP012527","ERX1346815","RWPE1","Homo Sapien","2016-02-17","2018-03-09"
"186","ERP012527","ERX1346799","BPH1","Homo Sapien","2016-02-17","2018-03-09"
"187","ERP012527","ERX1346755","BPH1","Homo Sapien","2016-02-17","2018-03-09"
"188","ERP012527","ERX1346619","BPH1","Homo Sapien","2016-02-17","2018-03-09"
"189","ERP012527","ERX1346636","RWPE1","Homo Sapien","2016-02-17","2018-03-09"
"190","ERP012527","ERX1346880","RWPE1","Homo Sapien","2016-02-17","2018-03-09"
"191","ERP012527","ERX1346708","BPH1","Homo Sapien","2016-02-17","2018-03-09"
"192","ERP012527","ERX1346722","RWPE1","Homo Sapien","2016-02-17","2018-03-09"
"193","ERP012527","ERX1346758","BPH1","Homo Sapien","2016-02-17","2018-03-09"
"194","ERP012527","ERX1346927","RWPE1","Homo Sapien","2016-02-17","2018-03-09"
"195","ERP012527","ERX1346910","RWPE1","Homo Sapien","2016-02-17","2018-03-09"
"196","ERP012527","ERX1346931","RWPE1","Homo Sapien","2016-02-17","2018-03-09"
"197","ERP012527","ERX1346771","RWPE1","Homo Sapien","2016-02-17","2018-03-09"
"198","ERP012527","ERX1346666","BPH1","Homo Sapien","2016-02-17","2018-03-09"
"199","ERP012527","ERX1346616","BPH1","Homo Sapien","2016-02-17","2018-03-09"
"200","ERP012527","ERX1346753","BPH1","Homo Sapien","2016-02-17","2018-03-09"
"201","ERP012527","ERX1346838","BPH1","Homo Sapien","2016-02-17","2018-03-09"
"202","ERP012527","ERX1346920","RWPE1","Homo Sapien","2016-02-17","2018-03-09"
"203","ERP012527","ERX1346795","BPH1","Homo Sapien","2016-02-17","2018-03-09"
"204","ERP012527","ERX1346824","RWPE1","Homo Sapien","2016-02-17","2018-03-09"
"205","ERP012527","ERX1346904","BPH1","Homo Sapien","2016-02-17","2018-03-09"
"206","ERP012527","ERX1346692","RWPE1","Homo Sapien","2016-02-17","2018-03-09"
"207","ERP012527","ERX1346823","RWPE1","Homo Sapien","2016-02-17","2018-03-09"
"208","ERP012527","ERX1346631","RWPE1","Homo Sapien","2016-02-17","2018-03-09"
"209","ERP012527","ERX1346778","RWPE1","Homo Sapien","2016-02-17","2018-03-09"
"210","ERP012527","ERX1346697","BPH1","Homo Sapien","2016-02-17","2018-03-09"
"211","ERP012527","ERX1346790","BPH1","Homo Sapien","2016-02-17","2018-03-09"
"212","ERP012527","ERX1346979","RWPE1","Homo Sapien","2016-02-17","2018-03-09"
"213","ERP012527","ERX1346959","RWPE1","Homo Sapien","2016-02-17","2018-03-09"
"214","ERP012527","ERX1346811","BPH1","Homo Sapien","2016-02-17","2018-03-09"
"215","ERP012527","ERX1346800","BPH1","Homo Sapien","2016-02-17","2018-03-09"
"216","ERP012527","ERX1346751","BPH1","Homo Sapien","2016-02-17","2018-03-09"
"217","ERP012527","ERX1346706","BPH1","Homo Sapien","2016-02-17","2018-03-09"
"218","ERP012527","ERX1346934","BPH1","Homo Sapien","2016-02-17","2018-03-09"
"219","ERP012527","ERX1346720","RWPE1","Homo Sapien","2016-02-17","2018-03-09"
"220","ERP012527","ERX1346953","BPH1","Homo Sapien","2016-02-17","2018-03-09"
"221","ERP012527","ERX1346878","RWPE1","Homo Sapien","2016-02-17","2018-03-09"
"222","ERP012527","ERX1346768","RWPE1","Homo Sapien","2016-02-17","2018-03-09"
"223","ERP012527","ERX1346950","BPH1","Homo Sapien","2016-02-17","2018-03-09"
"224","ERP012527","ERX1346782","RWPE1","Homo Sapien","2016-02-17","2018-03-09"
"225","ERP012527","ERX1346724","RWPE1","Homo Sapien","2016-02-17","2018-03-09"
"226","ERP012527","ERX1346816","RWPE1","Homo Sapien","2016-02-17","2018-03-09"
"227","ERP012527","ERX1346743","BPH1","Homo Sapien","2016-02-17","2018-03-09"
"228","ERP012527","ERX1346764","BPH1","Homo Sapien","2016-02-17","2018-03-09"
"229","ERP012527","ERX1346737","RWPE1","Homo Sapien","2016-02-17","2018-03-09"
"230","ERP012527","ERX1346663","BPH1","Homo Sapien","2016-02-17","2018-03-09"
"231","ERP012527","ERX1346625","RWPE1","Homo Sapien","2016-02-17","2018-03-09"
"232","ERP012527","ERX1346717","RWPE1","Homo Sapien","2016-02-17","2018-03-09"
"233","ERP012527","ERX1346873","RWPE1","Homo Sapien","2016-02-17","2018-03-09"
"234","ERP012527","ERX1346854","BPH1","Homo Sapien","2016-02-17","2018-03-09"
"235","ERP012527","ERX1346736","RWPE1","Homo Sapien","2016-02-17","2018-03-09"
"236","ERP012527","ERX1346972","RWPE1","Homo Sapien","2016-02-17","2018-03-09"
"237","ERP012527","ERX1346633","RWPE1","Homo Sapien","2016-02-17","2018-03-09"
"238","ERP012527","ERX1346676","RWPE1","Homo Sapien","2016-02-17","2018-03-09"
"239","ERP012527","ERX1346634","RWPE1","Homo Sapien","2016-02-17","2018-03-09"
"240","ERP012527","ERX1346777","RWPE1","Homo Sapien","2016-02-17","2018-03-09"
"241","ERP012527","ERX1346802","BPH1","Homo Sapien","2016-02-17","2018-03-09"
"242","ERP012527","ERX1346942","BPH1","Homo Sapien","2016-02-17","2018-03-09"
"243","ERP012527","ERX1346701","BPH1","Homo Sapien","2016-02-17","2018-03-09"
"244","ERP012527","ERX1346871","RWPE1","Homo Sapien","2016-02-17","2018-03-09"
"245","ERP012527","ERX1346923","RWPE1","Homo Sapien","2016-02-17","2018-03-09"
"246","ERP012527","ERX1346840","BPH1","Homo Sapien","2016-02-17","2018-03-09"
"247","ERP012527","ERX1346604","BPH1","Homo Sapien","2016-02-17","2018-03-09"
"248","ERP012527","ERX1346853","BPH1","Homo Sapien","2016-02-17","2018-03-09"
"249","ERP012527","ERX1346812","BPH1","Homo Sapien","2016-02-17","2018-03-09"
"250","ERP012527","ERX1346825","RWPE1","Homo Sapien","2016-02-17","2018-03-09"
"251","ERP012527","ERX1346681","RWPE1","Homo Sapien","2016-02-17","2018-03-09"
"252","ERP012527","ERX1346908","BPH1","Homo Sapien","2016-02-17","2018-03-09"
"253","ERP012527","ERX1346623","RWPE1","Homo Sapien","2016-02-17","2018-03-09"
"254","ERP012527","ERX1346946","BPH1","Homo Sapien","2016-02-17","2018-03-09"
"255","ERP012527","ERX1346874","RWPE1","Homo Sapien","2016-02-17","2018-03-09"
"256","ERP012527","ERX1346940","BPH1","Homo Sapien","2016-02-17","2018-03-09"
"257","ERP012527","ERX1346810","BPH1","Homo Sapien","2016-02-17","2018-03-09"
"258","ERP012527","ERX1346725","RWPE1","Homo Sapien","2016-02-17","2018-03-09"
"259","ERP012527","ERX1346855","BPH1","Homo Sapien","2016-02-17","2018-03-09"
"260","ERP012527","ERX1346936","BPH1","Homo Sapien","2016-02-17","2018-03-09"
"261","ERP012527","ERX1346780","RWPE1","Homo Sapien","2016-02-17","2018-03-09"
"262","ERP012527","ERX1346742","BPH1","Homo Sapien","2016-02-17","2018-03-09"
"263","ERP012527","ERX1346675","RWPE1","Homo Sapien","2016-02-17","2018-03-09"
"264","ERP012527","ERX1346668","BPH1","Homo Sapien","2016-02-17","2018-03-09"
"265","ERP012527","ERX1346902","BPH1","Homo Sapien","2016-02-17","2018-03-09"
"266","ERP012527","ERX1346881","RWPE1","Homo Sapien","2016-02-17","2018-03-09"
"267","ERP012527","ERX1346602","BPH1","Homo Sapien","2016-02-17","2018-03-09"
"268","ERP012527","ERX1346888","BPH1","Homo Sapien","2016-02-17","2018-03-09"
"269","ERP012527","ERX1346787","RWPE1","Homo Sapien","2016-02-17","2018-03-09"
"270","ERP012527","ERX1346772","RWPE1","Homo Sapien","2016-02-17","2018-03-09"
"271","ERP012527","ERX1346897","BPH1","Homo Sapien","2016-02-17","2018-03-09"
"272","ERP012527","ERX1346826","RWPE1","Homo Sapien","2016-02-17","2018-03-09"
"273","ERP012527","ERX1346882","RWPE1","Homo Sapien","2016-02-17","2018-03-09"
"274","ERP012527","ERX1346770","RWPE1","Homo Sapien","2016-02-17","2018-03-09"
"275","ERP012527","ERX1346849","BPH1","Homo Sapien","2016-02-17","2018-03-09"
"276","ERP012527","ERX1346716","BPH1","Homo Sapien","2016-02-17","2018-03-09"
"277","ERP012527","ERX1346683","RWPE1","Homo Sapien","2016-02-17","2018-03-09"
"278","ERP012527","ERX1346963","RWPE1","Homo Sapien","2016-02-17","2018-03-09"
"279","ERP012527","ERX1346622","RWPE1","Homo Sapien","2016-02-17","2018-03-09"
"280","ERP012527","ERX1346700","BPH1","Homo Sapien","2016-02-17","2018-03-09"
"281","ERP012527","ERX1346688","RWPE1","Homo Sapien","2016-02-17","2018-03-09"
"282","ERP012527","ERX1346843","BPH1","Homo Sapien","2016-02-17","2018-03-09"
"283","ERP012527","ERX1346760","BPH1","Homo Sapien","2016-02-17","2018-03-09"
"284","ERP012527","ERX1346889","BPH1","Homo Sapien","2016-02-17","2018-03-09"
"285","ERP012527","ERX1346935","BPH1","Homo Sapien","2016-02-17","2018-03-09"
"286","ERP012527","ERX1346864","RWPE1","Homo Sapien","2016-02-17","2018-03-09"
"287","ERP012527","ERX1346862","RWPE1","Homo Sapien","2016-02-17","2018-03-09"
"288","ERP012527","ERX1346907","BPH1","Homo Sapien","2016-02-17","2018-03-09"
"289","ERP012527","ERX1346833","RWPE1","Homo Sapien","2016-02-17","2018-03-09"
"290","ERP012527","ERX1346784","RWPE1","Homo Sapien","2016-02-17","2018-03-09"
"291","ERP012527","ERX1346841","BPH1","Homo Sapien","2016-02-17","2018-03-09"
"292","ERP012527","ERX1346649","BPH1","Homo Sapien","2016-02-17","2018-03-09"
"293","ERP012527","ERX1346679","RWPE1","Homo Sapien","2016-02-17","2018-03-09"
"294","ERP012527","ERX1346651","BPH1","Homo Sapien","2016-02-17","2018-03-09"
"295","ERP012527","ERX1346879","RWPE1","Homo Sapien","2016-02-17","2018-03-09"
"296","ERP012527","ERX1346915","RWPE1","Homo Sapien","2016-02-17","2018-03-09"
"297","ERP012527","ERX1346757","BPH1","Homo Sapien","2016-02-17","2018-03-09"
"298","ERP012527","ERX1346801","BPH1","Homo Sapien","2016-02-17","2018-03-09"
"299","ERP012527","ERX1346660","BPH1","Homo Sapien","2016-02-17","2018-03-09"
"300","ERP012527","ERX1346932","RWPE1","Homo Sapien","2016-02-17","2018-03-09"
"301","ERP012527","ERX1346821","RWPE1","Homo Sapien","2016-02-17","2018-03-09"
"302","ERP012527","ERX1346899","BPH1","Homo Sapien","2016-02-17","2018-03-09"
"303","ERP012527","ERX1346670","RWPE1","Homo Sapien","2016-02-17","2018-03-09"
"304","ERP012527","ERX1346620","BPH1","Homo Sapien","2016-02-17","2018-03-09"
"305","ERP012527","ERX1346759","BPH1","Homo Sapien","2016-02-17","2018-03-09"
"306","ERP012527","ERX1346911","RWPE1","Homo Sapien","2016-02-17","2018-03-09"
"307","ERP012527","ERX1346966","RWPE1","Homo Sapien","2016-02-17","2018-03-09"
"308","ERP012527","ERX1346870","RWPE1","Homo Sapien","2016-02-17","2018-03-09"
"309","ERP012527","ERX1346738","RWPE1","Homo Sapien","2016-02-17","2018-03-09"
"310","ERP012527","ERX1346914","RWPE1","Homo Sapien","2016-02-17","2018-03-09"
"311","ERP012527","ERX1346698","BPH1","Homo Sapien","2016-02-17","2018-03-09"
"312","ERP012527","ERX1346974","RWPE1","Homo Sapien","2016-02-17","2018-03-09"
"313","ERP012527","ERX1346645","BPH1","Homo Sapien","2016-02-17","2018-03-09"
"314","ERP012527","ERX1346973","RWPE1","Homo Sapien","2016-02-17","2018-03-09"
"315","ERP012527","ERX1346919","RWPE1","Homo Sapien","2016-02-17","2018-03-09"
"316","ERP012527","ERX1346658","BPH1","Homo Sapien","2016-02-17","2018-03-09"
"317","ERP012527","ERX1346664","BPH1","Homo Sapien","2016-02-17","2018-03-09"
"318","ERP012527","ERX1346909","RWPE1","Homo Sapien","2016-02-17","2018-03-09"
"319","ERP012527","ERX1346804","BPH1","Homo Sapien","2016-02-17","2018-03-09"
"320","ERP012527","ERX1346773","RWPE1","Homo Sapien","2016-02-17","2018-03-09"
"321","ERP012527","ERX1346632","RWPE1","Homo Sapien","2016-02-17","2018-03-09"
"322","ERP012527","ERX1346892","BPH1","Homo Sapien","2016-02-17","2018-03-09"
"323","ERP012527","ERX1346791","BPH1","Homo Sapien","2016-02-17","2018-03-09"
"324","ERP012527","ERX1346600","BPH1","Homo Sapien","2016-02-17","2018-03-09"
"325","ERP012527","ERX1346949","BPH1","Homo Sapien","2016-02-17","2018-03-09"
"326","ERP012527","ERX1346685","RWPE1","Homo Sapien","2016-02-17","2018-03-09"
"327","ERP012527","ERX1346968","RWPE1","Homo Sapien","2016-02-17","2018-03-09"
"328","ERP012527","ERX1346615","BPH1","Homo Sapien","2016-02-17","2018-03-09"
"329","ERP012527","ERX1346726","RWPE1","Homo Sapien","2016-02-17","2018-03-09"
"330","ERP012527","ERX1346640","RWPE1","Homo Sapien","2016-02-17","2018-03-09"
"331","ERP012527","ERX1346712","BPH1","Homo Sapien","2016-02-17","2018-03-09"
"332","ERP012527","ERX1346895","BPH1","Homo Sapien","2016-02-17","2018-03-09"
"333","ERP012527","ERX1346774","RWPE1","Homo Sapien","2016-02-17","2018-03-09"
"334","ERP012527","ERX1346711","BPH1","Homo Sapien","2016-02-17","2018-03-09"
"335","ERP012527","ERX1346686","RWPE1","Homo Sapien","2016-02-17","2018-03-09"
"336","ERP012527","ERX1346783","RWPE1","Homo Sapien","2016-02-17","2018-03-09"
"337","ERP012527","ERX1346643","RWPE1","Homo Sapien","2016-02-17","2018-03-09"
"338","ERP012527","ERX1346727","RWPE1","Homo Sapien","2016-02-17","2018-03-09"
"339","ERP012527","ERX1346714","BPH1","Homo Sapien","2016-02-17","2018-03-09"
"340","ERP012527","ERX1346745","BPH1","Homo Sapien","2016-02-17","2018-03-09"
"341","ERP012527","ERX1346749","BPH1","Homo Sapien","2016-02-17","2018-03-09"
"342","ERP012527","ERX1346603","BPH1","Homo Sapien","2016-02-17","2018-03-09"
"343","ERP012527","ERX1346872","RWPE1","Homo Sapien","2016-02-17","2018-03-09"
"344","ERP012527","ERX1346696","BPH1","Homo Sapien","2016-02-17","2018-03-09"
"345","ERP012527","ERX1346969","RWPE1","Homo Sapien","2016-02-17","2018-03-09"
"346","ERP012527","ERX1346844","BPH1","Homo Sapien","2016-02-17","2018-03-09"
"347","ERP012527","ERX1346741","BPH1","Homo Sapien","2016-02-17","2018-03-09"
"348","ERP012527","ERX1346672","RWPE1","Homo Sapien","2016-02-17","2018-03-09"
"349","ERP012527","ERX1346713","BPH1","Homo Sapien","2016-02-17","2018-03-09"
"350","ERP012527","ERX1346684","RWPE1","Homo Sapien","2016-02-17","2018-03-09"
"351","ERP012527","ERX1346835","RWPE1","Homo Sapien","2016-02-17","2018-03-09"
"352","ERP012527","ERX1346850","BPH1","Homo Sapien","2016-02-17","2018-03-09"
"353","ERP012527","ERX1346695","BPH1","Homo Sapien","2016-02-17","2018-03-09"
"354","ERP012527","ERX1346690","RWPE1","Homo Sapien","2016-02-17","2018-03-09"
"355","ERP012527","ERX1346933","BPH1","Homo Sapien","2016-02-17","2018-03-09"
"356","ERP012527","ERX1346837","BPH1","Homo Sapien","2016-02-17","2018-03-09"
"357","ERP012527","ERX1346939","BPH1","Homo Sapien","2016-02-17","2018-03-09"
"358","ERP012527","ERX1346941","BPH1","Homo Sapien","2016-02-17","2018-03-09"
"359","ERP012527","ERX1346869","RWPE1","Homo Sapien","2016-02-17","2018-03-09"
"360","ERP012527","ERX1346945","BPH1","Homo Sapien","2016-02-17","2018-03-09"
"361","ERP012527","ERX1346922","RWPE1","Homo Sapien","2016-02-17","2018-03-09"
"362","ERP012527","ERX1346754","BPH1","Homo Sapien","2016-02-17","2018-03-09"
"363","ERP012527","ERX1346846","BPH1","Homo Sapien","2016-02-17","2018-03-09"
"364","ERP012527","ERX1346617","BPH1","Homo Sapien","2016-02-17","2018-03-09"
"365","ERP012527","ERX1346819","RWPE1","Homo Sapien","2016-02-17","2018-03-09"
"366","ERP012527","ERX1346729","RWPE1","Homo Sapien","2016-02-17","2018-03-09"
"367","ERP012527","ERX1346828","RWPE1","Homo Sapien","2016-02-17","2018-03-09"
"368","ERP012527","ERX1346926","RWPE1","Homo Sapien","2016-02-17","2018-03-09"
"369","ERP012527","ERX1346839","BPH1","Homo Sapien","2016-02-17","2018-03-09"
"370","ERP012527","ERX1346781","RWPE1","Homo Sapien","2016-02-17","2018-03-09"
"371","ERP012527","ERX1346842","BPH1","Homo Sapien","2016-02-17","2018-03-09"
"372","ERP012527","ERX1346978","RWPE1","Homo Sapien","2016-02-17","2018-03-09"
"373","ERP012527","ERX1346975","RWPE1","Homo Sapien","2016-02-17","2018-03-09"
"374","ERP012527","ERX1346776","RWPE1","Homo Sapien","2016-02-17","2018-03-09"
"375","ERP012527","ERX1346674","RWPE1","Homo Sapien","2016-02-17","2018-03-09"
"376","ERP012527","ERX1346659","BPH1","Homo Sapien","2016-02-17","2018-03-09"
"377","ERP012527","ERX1346656","BPH1","Homo Sapien","2016-02-17","2018-03-09"
"378","ERP012527","ERX1346607","BPH1","Homo Sapien","2016-02-17","2018-03-09"
"379","ERP012527","ERX1346948","BPH1","Homo Sapien","2016-02-17","2018-03-09"
"380","ERP012527","ERX1346918","RWPE1","Homo Sapien","2016-02-17","2018-03-09"
"381","ERP012527","ERX1346637","RWPE1","Homo Sapien","2016-02-17","2018-03-09"
"382","ERP012527","ERX1346938","BPH1","Homo Sapien","2016-02-17","2018-03-09"
"383","ERP012527","ERX1346709","BPH1","Homo Sapien","2016-02-17","2018-03-09"
"384","ERP012527","ERX1346719","RWPE1","Homo Sapien","2016-02-17","2018-03-09"
